,user_id,intime,outtime,aeneas,tocloud,getobject,rawaeneas,TPT,FET,Queue time,scenario
0,8,2023-03-28 19:17:44.239393,2023-03-28 19:18:21.403,28.7,0.042,1.600,0.007,37.163607,30.349000000000004,6.814606999999995,no+rps
1,8,2023-03-28 19:17:44.240883,2023-03-28 19:18:21.403,38.8,0.040,1.990,0.065,37.162117,40.894999999999996,-3.732882999999994,no+rps
2,8,2023-03-28 19:17:44.242236,2023-03-28 19:18:21.403,26.7,0.043,1.126,0.006,37.160764,27.875,9.285764,no+rps
3,8,2023-03-28 19:17:44.244162,2023-03-28 19:18:21.403,39.7,0.180,1.122,0.006,37.158838,41.008,-3.8491619999999998,no+rps
4,8,2023-03-28 19:17:44.245365,2023-03-28 19:18:21.403,26.8,0.074,0.694,0.006,37.157635,27.574,9.583634999999997,no+rps
5,8,2023-03-28 19:17:44.246633,2023-03-28 19:18:21.403,40.1,0.046,0.197,0.008,37.156367,40.351000000000006,-3.194633000000003,no+rps
6,8,2023-03-28 19:17:44.249186,2023-03-28 19:18:21.403,27.4,0.042,0.887,0.006,37.153814,28.335,8.818813999999996,no+rps
7,8,2023-03-28 19:17:44.250515,2023-03-28 19:18:21.403,40.7,0.055,2.316,0.007,37.152485,43.078,-5.925515000000004,no+rps
8,9,2023-03-28 19:17:45.248606,2023-03-28 19:18:21.730,27.8,0.057,0.647,0.007,36.481394,28.511,7.970394000000002,no+rps
9,10,2023-03-28 19:17:45.250292,2023-03-28 19:18:21.656,7.87,0.073,0.338,0.006,36.405708,8.287,28.118707999999998,no+rps
10,11,2023-03-28 19:17:45.251611,2023-03-28 19:18:34.464,7.65,0.038,0.608,0.006,49.212389,8.302000000000001,40.910389,no+rps
11,12,2023-03-28 19:17:45.254639,2023-03-28 19:18:21.515,10.0,0.040,1.660,0.006,36.260361,11.706,24.554361000000004,no+rps
12,13,2023-03-28 19:17:45.256035,2023-03-28 19:18:34.811,11.8,0.054,0.196,0.007,49.554965,12.057,37.497965,no+rps
13,15,2023-03-28 19:17:45.258353,2023-03-28 19:18:35.711,12.0,0.042,0.172,0.008,50.452647,12.222,38.230647,no+rps
14,100,2023-03-28 19:17:56.324919,2023-03-28 19:18:35.592,12.6,0.040,0.169,0.006,39.267081,12.815,26.452081,no+rps
15,130,2023-03-28 19:18:00.328033,2023-03-28 19:18:48.489,12.6,0.055,0.171,0.007,48.160967,12.832999999999998,35.327967,no+rps
16,132,2023-03-28 19:18:00.341695,2023-03-28 19:18:47.419,40.3,0.064,1.685,0.012,47.077305,42.061,5.016305000000003,no+rps
17,277,2023-03-28 19:18:21.459712,2023-03-28 19:18:48.601,40.5,0.042,0.128,0.006,27.141288,40.676,-13.534712000000003,no+rps
18,278,2023-03-28 19:18:21.461214,2023-03-28 19:18:48.394,23.3,0.044,0.129,0.007,26.932786,23.480000000000004,3.452785999999996,no+rps
19,279,2023-03-28 19:18:21.473308,2023-03-28 19:19:01.815,23.4,0.048,1.609,0.015,40.341692,25.071999999999996,15.269692000000006,no+rps
20,281,2023-03-28 19:18:21.475395,2023-03-28 19:19:02.520,12.9,0.042,1.460,0.006,41.044605,14.408000000000001,26.636604999999996,no+rps
21,368,2023-03-28 19:18:34.527065,2023-03-28 19:19:02.600,14.7,0.092,0.077,0.007,28.072935,14.876,13.196935000000002,no+rps
22,372,2023-03-28 19:18:34.557910,2023-03-28 19:19:02.298,12.0,0.050,0.773,0.007,27.74009,12.83,14.910089999999999,no+rps
23,375,2023-03-28 19:18:35.533516,2023-03-28 19:19:32.485,12.6,0.050,0.334,0.007,56.951484,12.991,43.960484,no+rps
24,377,2023-03-28 19:18:35.563034,2023-03-28 19:19:32.606,26.1,0.047,0.340,0.007,57.042966,26.494000000000003,30.548965999999997,no+rps
25,391,2023-03-28 19:18:37.579120,2023-03-28 19:19:32.694,19.3,0.055,0.793,0.016,55.11488,20.163999999999998,34.95088,no+rps
26,392,2023-03-28 19:18:37.580689,2023-03-28 19:19:32.798,19.3,0.052,0.850,0.007,55.217311,20.209000000000003,35.008311,no+rps
27,393,2023-03-28 19:18:37.581855,2023-03-28 19:19:33.567,26.6,0.038,1.709,0.007,55.985145,28.354000000000003,27.631145,no+rps
28,394,2023-03-28 19:18:37.582908,2023-03-28 19:19:09.709,2.84,0.043,4.052,0.017,32.126092,6.952,25.174092,no+rps
29,396,2023-03-28 19:18:38.548518,2023-03-28 19:19:32.256,38.5,0.037,1.111,0.006,53.707482,39.653999999999996,14.053482000000002,no+rps
30,397,2023-03-28 19:18:38.550172,2023-03-28 19:19:32.315,30.0,0.041,0.362,0.007,53.764828,30.41,23.354828,no+rps
31,398,2023-03-28 19:18:38.587242,2023-03-28 19:19:09.982,29.8,0.037,0.050,0.009,31.394758,29.896,1.4987579999999987,no+rps
32,399,2023-03-28 19:18:38.588693,2023-03-28 19:19:33.680,30.0,0.041,0.050,0.006,55.091307,30.097,24.994307,no+rps
33,400,2023-03-28 19:18:38.590004,2023-03-28 19:19:33.380,22.3,0.047,0.041,0.007,54.789996,22.395000000000003,32.394996,no+rps
34,401,2023-03-28 19:18:38.591074,2023-03-28 19:19:33.171,22.3,0.038,0.090,0.019,54.579926,22.447,32.132926,no+rps
35,402,2023-03-28 19:18:38.592075,2023-03-28 19:19:32.402,2.91,0.033,0.059,0.006,53.809925,3.008,50.801925,no+rps
36,403,2023-03-28 19:18:39.553223,2023-03-28 19:19:33.773,23.2,0.034,0.068,0.033,54.219777,23.335,30.884777,no+rps
37,404,2023-03-28 19:18:39.554864,2023-03-28 19:19:33.879,23.6,0.037,0.266,0.006,54.324136,23.909,30.415136000000004,no+rps
38,405,2023-03-28 19:18:39.595158,2023-03-28 19:19:12.583,2.70,0.032,1.168,0.006,32.987842,3.9059999999999997,29.081842,no+rps
39,406,2023-03-28 19:18:39.596724,2023-03-28 19:19:33.311,27.6,0.032,0.036,0.014,53.714276,27.682000000000002,26.032275999999996,no+rps
40,407,2023-03-28 19:18:39.597928,2023-03-28 19:19:33.258,29.5,0.032,0.090,0.086,53.660072,29.708,23.952072,no+rps
41,408,2023-03-28 19:18:39.598970,2023-03-28 19:19:32.965,28.3,0.041,0.040,0.007,53.36603,28.388,24.97803,no+rps
42,409,2023-03-28 19:18:39.599969,2023-03-28 19:19:45.996,28.9,0.035,0.034,0.007,6.396031,28.976,-22.579969,no+rps
43,410,2023-03-28 19:18:40.558489,2023-03-28 19:19:46.874,4.75,0.039,0.792,0.018,6.315511,5.598999999999999,0.7165110000000006,no+rps
44,411,2023-03-28 19:18:40.559997,2023-03-28 19:19:32.875,2.77,0.045,0.037,0.007,52.315003,2.859,49.456002999999995,no+rps
45,412,2023-03-28 19:18:40.603137,2023-03-28 19:19:33.095,2.81,0.038,0.090,0.038,52.491863,2.9759999999999995,49.515863,no+rps
46,413,2023-03-28 19:18:40.604707,2023-03-28 19:19:42.192,35.9,0.040,0.193,0.006,1.587293,36.138999999999996,-34.55170699999999,no+rps
47,414,2023-03-28 19:18:40.605910,2023-03-28 19:19:33.041,36.8,0.057,0.062,0.066,52.43509,36.985,15.450090000000003,no+rps
48,419,2023-03-28 19:18:41.611155,2023-03-28 19:19:36.095,28.9,0.040,0.109,0.081,54.483845,29.13,25.353845000000003,no+rps
49,422,2023-03-28 19:18:41.614927,2023-03-28 19:19:36.014,30.2,0.039,0.139,0.006,54.399073,30.384,24.015073,no+rps
50,423,2023-03-28 19:18:41.615922,2023-03-28 19:19:42.685,8.36,0.048,0.062,0.006,1.069078,8.475999999999999,-7.406921999999999,no+rps
51,424,2023-03-28 19:18:42.568508,2023-03-28 19:19:41.585,2.76,0.050,0.304,0.016,59.016492,3.1299999999999994,55.886492,no+rps
52,426,2023-03-28 19:18:42.619134,2023-03-28 19:19:42.288,36.2,0.043,0.306,0.007,59.668866,36.556,23.112866000000004,no+rps
53,427,2023-03-28 19:18:42.620698,2023-03-28 19:19:37.193,8.61,0.043,0.046,0.062,54.572302,8.760999999999997,45.811302000000005,no+rps
54,431,2023-03-28 19:18:43.573473,2023-03-28 19:19:37.593,27.7,0.060,0.077,0.006,54.019527,27.843,26.176526999999997,no+rps
55,434,2023-03-28 19:18:43.628620,2023-03-28 19:19:51.284,9.75,0.040,0.034,0.006,7.65538,9.83,-2.17462,no+rps
56,438,2023-03-28 19:18:44.578083,2023-03-28 19:19:50.282,37.2,0.044,0.207,0.052,5.703917,37.503,-31.799083,no+rps
57,506,2023-03-28 19:19:16.804514,2023-03-28 19:19:54.260,24.4,0.092,0.248,0.006,37.455486,24.746,12.709486000000002,no+rps
58,507,2023-03-28 19:19:16.806127,2023-03-28 19:19:47.192,37.3,0.084,0.270,0.055,30.385873,37.709,-7.323127000000003,no+rps
59,508,2023-03-28 19:19:17.809347,2023-03-28 19:19:46.953,32.6,0.235,0.154,0.007,29.143653,32.996,-3.8523470000000017,no+rps
60,509,2023-03-28 19:19:17.810910,2023-03-28 19:19:50.796,26.4,0.042,0.107,0.006,32.98509,26.555,6.43009,no+rps
61,511,2023-03-28 19:19:18.815721,2023-03-28 19:20:00.852,26.7,0.038,0.038,0.015,42.036279,26.791,15.245279,no+rps
62,513,2023-03-28 19:19:19.821153,2023-03-28 19:19:55.627,36.6,0.038,0.050,0.006,35.805847,36.693999999999996,-0.8881529999999955,no+rps
63,514,2023-03-28 19:19:20.824742,2023-03-28 19:19:59.673,24.7,0.035,0.067,0.007,38.848258,24.809,14.039258,no+rps
64,526,2023-03-28 19:19:26.856709,2023-03-28 19:19:51.373,37.7,0.045,0.042,0.013,24.516291,37.800000000000004,-13.283709000000005,no+rps
65,528,2023-03-28 19:19:27.861536,2023-03-28 19:19:33.475,23.6,0.039,0.056,0.006,5.613464,23.701000000000004,-18.087536000000004,no+rps
66,530,2023-03-28 19:19:28.866528,2023-03-28 19:20:04.106,2.83,0.041,0.098,0.008,35.239472,2.977,32.262472,no+rps
67,531,2023-03-28 19:19:28.868039,2023-03-28 19:20:05.351,35.1,0.066,0.151,0.010,36.482961,35.327000000000005,1.1559609999999978,no+rps
68,532,2023-03-28 19:19:29.871869,2023-03-28 19:19:56.464,25.1,0.036,0.132,0.007,26.592131,25.275000000000006,1.3171309999999927,no+rps
69,533,2023-03-28 19:19:29.873533,2023-03-28 19:19:56.748,35.9,0.042,0.129,0.007,26.874467,36.077999999999996,-9.203532999999997,no+rps
70,541,2023-03-28 19:19:33.892940,2023-03-28 19:19:36.962,23.0,0.040,0.070,0.016,3.06906,23.125999999999998,-20.056939999999997,no+rps
71,544,2023-03-28 19:19:35.902420,2023-03-28 19:20:00.766,5.89,0.036,0.062,0.011,24.86358,5.999,18.86458,no+rps
72,546,2023-03-28 19:19:36.907220,2023-03-28 19:19:39.774,5.77,0.045,0.134,0.007,2.86678,5.9559999999999995,-3.0892199999999996,no+rps
73,547,2023-03-28 19:19:36.908721,2023-03-28 19:20:00.927,3.35,0.045,0.073,0.008,24.018279,3.476,20.542279,no+rps
74,548,2023-03-28 19:19:37.912052,2023-03-28 19:20:13.913,0.00,0.037,0.105,0.007,36.000948,0.149,35.851948,no+rps
75,549,2023-03-28 19:19:37.913701,2023-03-28 19:19:42.837,35.8,0.036,0.096,0.006,4.923299,35.937999999999995,-31.014700999999995,no+rps
76,550,2023-03-28 19:19:38.917966,2023-03-28 19:19:47.375,13.2,0.043,0.407,0.013,8.457034,13.662999999999998,-5.205965999999998,no+rps
77,551,2023-03-28 19:19:38.919482,2023-03-28 19:20:05.024,0.00,0.041,0.478,0.010,26.104518,0.529,25.575518,no+rps
78,553,2023-03-28 19:19:39.927637,2023-03-28 19:19:42.953,28.6,0.043,0.074,0.007,3.025363,28.724000000000004,-25.698637000000005,no+rps
79,554,2023-03-28 19:19:40.931139,2023-03-28 19:19:50.895,28.6,0.048,0.080,0.006,9.963861,28.733999999999998,-18.770139,no+rps
80,556,2023-03-28 19:19:41.936991,2023-03-28 19:20:05.497,0.01,0.046,0.177,0.006,23.560009,0.239,23.321009,no+rps
81,557,2023-03-28 19:19:41.938590,2023-03-28 19:19:50.692,15.0,0.062,0.065,0.008,8.75341,15.134999999999998,-6.381589999999997,no+rps
82,559,2023-03-28 19:19:42.944288,2023-03-28 19:19:45.894,14.7,0.082,0.300,0.016,2.949712,15.098,-12.148288,no+rps
83,561,2023-03-28 19:19:43.950166,2023-03-28 19:20:14.640,15.8,0.107,0.116,0.008,30.689834,16.031,14.658834000000002,no+rps
84,563,2023-03-28 19:19:44.256871,2023-03-28 19:19:48.687,16.1,0.158,0.062,0.006,4.430129,16.326000000000004,-11.895871000000003,no+rps
85,567,2023-03-28 19:19:45.261692,2023-03-28 19:20:15.012,27.9,0.241,0.325,0.007,29.750308,28.473,1.2773080000000014,no+rps
86,573,2023-03-28 19:19:46.269251,2023-03-28 19:20:14.224,28.0,0.079,0.123,0.007,27.954749,28.209000000000003,-0.25425100000000356,no+rps
87,574,2023-03-28 19:19:46.270594,2023-03-28 19:20:03.780,28.8,0.053,0.174,0.009,17.509406,29.036,-11.526594000000003,no+rps
88,576,2023-03-28 19:19:46.967272,2023-03-28 19:20:09.795,28.5,0.042,0.191,0.006,22.827728,28.739,-5.911272,no+rps
89,579,2023-03-28 19:19:47.276443,2023-03-28 19:20:09.913,40.1,0.178,0.170,0.006,22.636557,40.454,-17.817443,no+rps
90,588,2023-03-28 19:19:49.286865,2023-03-28 19:20:13.111,41.2,0.212,0.124,0.006,23.824135,41.54200000000001,-17.71786500000001,no+rps
91,594,2023-03-28 19:19:50.294140,2023-03-28 19:20:28.218,27.4,0.253,0.063,0.006,37.92386,27.721999999999998,10.20186,no+rps
92,603,2023-03-28 19:19:52.304790,2023-03-28 19:20:29.881,27.8,0.277,0.093,0.006,37.57621,28.176000000000002,9.400210000000001,no+rps
93,605,2023-03-28 19:19:52.997254,2023-03-28 19:20:29.577,38.7,0.112,0.045,0.006,36.579746,38.86300000000001,-2.2832540000000066,no+rps
94,611,2023-03-28 19:19:54.003673,2023-03-28 19:20:28.600,26.8,0.044,0.063,0.007,34.596327,26.914,7.682327000000001,no+rps
95,616,2023-03-28 19:19:55.010942,2023-03-28 19:20:41.812,26.9,0.040,0.089,0.007,46.801058,27.035999999999998,19.765058,no+rps
96,625,2023-03-28 19:19:57.019512,2023-03-28 19:20:42.037,39.1,0.040,0.105,0.007,45.017488,39.251999999999995,5.765488000000005,no+rps
97,636,2023-03-28 19:19:59.031055,2023-03-28 19:20:43.082,32.5,0.039,0.050,0.034,44.050945,32.623,11.427945000000001,no+rps
98,656,2023-03-28 19:20:03.053111,2023-03-28 19:20:43.194,32.5,0.038,0.043,0.008,40.140889,32.589,7.551889000000003,no+rps
99,657,2023-03-28 19:20:03.369101,2023-03-28 19:20:54.877,9.65,0.045,0.170,0.007,51.507899,9.872,41.635899,no+rps
100,660,2023-03-28 19:20:04.057452,2023-03-28 19:20:55.961,10.4,0.040,0.090,0.041,51.903548,10.571,41.332548,no+rps
101,780,2023-03-28 19:20:28.184446,2023-03-28 19:20:56.128,10.8,0.050,0.045,0.006,27.943554,10.901000000000002,17.042553999999996,no+rps
102,782,2023-03-28 19:20:28.518480,2023-03-28 19:20:56.051,13.4,0.039,0.046,0.006,27.53252,13.491,14.041520000000002,no+rps
103,787,2023-03-28 19:20:29.524973,2023-03-28 19:21:08.356,14.6,0.035,0.063,0.142,38.831027,14.84,23.991027,no+rps
104,790,2023-03-28 19:20:30.193722,2023-03-28 19:21:09.489,14.8,0.037,0.102,0.007,39.295278,14.946000000000002,24.349278,no+rps
105,850,2023-03-28 19:20:42.256578,2023-03-28 19:21:09.387,14.0,0.037,0.090,0.062,27.130422,14.189,12.941422,no+rps
106,851,2023-03-28 19:20:42.258169,2023-03-28 19:21:09.285,26.6,0.046,0.090,0.007,27.026831,26.743000000000002,0.2838309999999993,no+rps
107,855,2023-03-28 19:20:43.261676,2023-03-28 19:21:15.908,26.6,0.054,0.067,0.036,32.646324,26.757,5.8893239999999984,no+rps
108,856,2023-03-28 19:20:43.263160,2023-03-28 19:21:20.422,27.5,0.038,0.082,0.010,37.15884,27.630000000000003,9.528839999999995,no+rps
109,872,2023-03-28 19:22:44.433659,2023-03-28 19:22:54.206,27.7,4.484,0.108,0.061,9.772341,32.352999999999994,-22.580658999999994,no+rps
110,873,2023-03-28 19:22:44.435297,2023-03-28 19:22:55.366,39.9,0.046,0.165,0.080,10.930703,40.190999999999995,-29.260296999999994,no+rps
111,874,2023-03-28 19:22:44.436438,2023-03-28 19:22:54.986,28.1,0.041,0.121,0.006,10.549562,28.268,-17.718438,no+rps
112,875,2023-03-28 19:22:44.437648,2023-03-28 19:23:08.909,27.1,0.047,0.298,0.006,24.471352,27.451,-2.979648000000001,no+rps
113,876,2023-03-28 19:22:44.438791,2023-03-28 19:23:07.692,28.4,0.035,0.064,0.014,23.253209,28.512999999999998,-5.259791,no+rps
114,877,2023-03-28 19:22:44.440821,2023-03-28 19:23:09.093,39.8,0.043,0.042,0.005,24.652179,39.89,-15.237821,no+rps
115,878,2023-03-28 19:22:44.442319,2023-03-28 19:23:09.207,27.3,0.044,0.178,0.007,24.764681,27.529000000000003,-2.764319000000004,no+rps
116,879,2023-03-28 19:22:44.443428,2023-03-28 19:23:21.713,27.1,0.047,0.045,0.017,37.269572,27.209000000000003,10.060571999999993,no+rps
117,880,2023-03-28 19:22:45.447198,2023-03-28 19:23:22.577,40.8,0.049,0.242,0.006,37.129802,41.096999999999994,-3.9671979999999962,no+rps
118,881,2023-03-28 19:22:45.448788,2023-03-28 19:23:22.082,39.2,0.051,0.037,0.060,36.633212,39.348000000000006,-2.7147880000000058,no+rps
119,882,2023-03-28 19:22:45.450134,2023-03-28 19:23:23.170,39.2,0.037,0.060,0.009,37.719866,39.306000000000004,-1.5861340000000013,no+rps
120,883,2023-03-28 19:22:45.451266,2023-03-28 19:23:35.364,17.7,0.035,0.121,0.010,49.912734,17.866,32.046734,no+rps
121,885,2023-03-28 19:22:45.453577,2023-03-28 19:23:36.197,18.0,0.058,0.139,0.012,50.743423,18.209,32.534423000000004,no+rps
122,886,2023-03-28 19:22:45.454708,2023-03-28 19:23:35.913,30.3,0.039,0.309,0.008,50.458292,30.656000000000002,19.802291999999998,no+rps
123,973,2023-03-28 19:22:56.547297,2023-03-28 19:23:36.058,27.0,0.043,0.083,0.009,39.510703,27.134999999999998,12.375703000000001,no+rps
124,986,2023-03-28 19:22:58.559811,2023-03-28 19:23:50.121,27.6,0.038,0.187,0.007,51.561189,27.832000000000004,23.729188999999995,no+rps
125,987,2023-03-28 19:22:58.560989,2023-03-28 19:23:48.988,27.4,0.219,0.133,0.008,50.427011,27.759999999999998,22.667011000000002,no+rps
126,1146,2023-03-28 19:23:21.718099,2023-03-28 19:23:49.287,32.4,0.042,0.153,0.009,27.568901,32.604,-5.035098999999999,no+rps
127,1151,2023-03-28 19:23:22.635317,2023-03-28 19:23:50.000,32.5,0.044,0.111,0.007,27.364683,32.66199999999999,-5.2973169999999925,no+rps
128,1153,2023-03-28 19:23:22.725204,2023-03-28 19:24:02.096,9.55,0.095,0.107,0.008,39.370796,9.76,29.610796,no+rps
129,1157,2023-03-28 19:23:23.639862,2023-03-28 19:24:02.979,9.68,0.070,0.152,0.009,39.339138,9.911,29.428137999999997,no+rps
130,1200,2023-03-28 19:23:29.677830,2023-03-28 19:24:03.076,9.98,0.044,0.193,0.007,33.39817,10.224,23.17417,no+rps
131,1201,2023-03-28 19:23:29.679057,2023-03-28 19:24:03.302,13.4,0.034,0.087,0.008,33.622943,13.529,20.093943,no+rps
132,1202,2023-03-28 19:23:29.774681,2023-03-28 19:24:15.685,0.02,0.037,0.193,0.008,45.910319,0.258,45.652319,no+rps
133,1203,2023-03-28 19:23:29.776122,2023-03-28 19:24:16.089,13.6,0.046,0.119,0.006,46.312878,13.770999999999999,32.541878,no+rps
134,1205,2023-03-28 19:23:29.778457,2023-03-28 19:24:16.674,14.6,0.047,0.223,0.008,46.895543,14.878,32.017543,no+rps
135,1225,2023-03-28 19:23:32.798736,2023-03-28 19:24:16.744,14.8,0.049,0.353,0.008,43.945264,15.209999999999999,28.735264,no+rps
136,1267,2023-03-28 19:23:38.840578,2023-03-28 19:24:22.400,24.3,0.039,0.381,0.006,43.559422,24.726000000000003,18.833421999999995,no+rps
137,1270,2023-03-28 19:23:39.738764,2023-03-28 19:24:22.548,24.8,0.033,0.274,0.008,42.809236,25.115000000000002,17.694235999999997,no+rps
138,1325,2023-03-28 19:24:44.577779,2023-03-28 19:24:54.768,30.5,0.047,0.430,0.007,10.190221,30.984,-20.793779,no+rps
139,1326,2023-03-28 19:24:44.579403,2023-03-28 19:24:54.534,30.5,0.045,0.361,0.008,9.954597,30.914,-20.959403000000002,no+rps
140,1327,2023-03-28 19:24:44.580565,2023-03-28 19:24:54.315,36.9,0.164,0.318,0.008,9.734435,37.39,-27.655565000000003,no+rps
141,1328,2023-03-28 19:24:44.581761,2023-03-28 19:25:07.766,28.3,0.200,0.113,0.009,23.184239,28.622,-5.437760999999998,no+rps
142,1329,2023-03-28 19:24:44.582849,2023-03-28 19:25:07.991,29.8,0.037,0.927,0.007,23.408151,30.771,-7.362849000000001,no+rps
143,1330,2023-03-28 19:24:44.583892,2023-03-28 19:25:09.201,29.8,0.041,0.957,0.009,24.617108,30.807000000000002,-6.189892,no+rps
144,1331,2023-03-28 19:24:44.584932,2023-03-28 19:25:09.078,39.8,0.041,0.105,0.008,24.493068,39.95399999999999,-15.460931999999993,no+rps
145,1332,2023-03-28 19:24:45.589639,2023-03-28 19:25:19.269,40.2,0.041,0.216,0.007,33.679361,40.464,-6.7846389999999985,no+rps
146,1333,2023-03-28 19:24:45.591144,2023-03-28 19:25:18.788,30.3,0.044,0.229,0.012,33.196856,30.585,2.611855999999996,no+rps
147,1334,2023-03-28 19:24:45.592203,2023-03-28 19:25:25.327,31.4,0.042,0.127,0.008,39.734797,31.576999999999998,8.157797000000002,no+rps
148,1335,2023-03-28 19:24:45.593205,2023-03-28 19:25:25.263,34.1,0.038,0.222,0.006,39.669795,34.366,5.303795000000001,no+rps
149,1336,2023-03-28 19:24:45.594533,2023-03-28 19:25:31.689,34.3,0.035,0.312,0.009,46.094467,34.65599999999999,11.43846700000001,no+rps
150,1337,2023-03-28 19:24:45.595605,2023-03-28 19:25:37.669,20.5,0.034,0.198,0.008,52.073395,20.74,31.333395,no+rps
151,1338,2023-03-28 19:24:45.596601,2023-03-28 19:25:36.195,20.7,0.042,0.089,0.006,50.598399,20.837,29.761399,no+rps
152,1349,2023-03-28 19:24:47.614441,2023-03-28 19:25:37.861,24.6,0.048,0.188,0.009,50.246559,24.845,25.401559,no+rps
153,1412,2023-03-28 19:24:55.689711,2023-03-28 19:25:48.995,28.4,0.042,0.125,0.016,53.305289,28.583,24.722289000000004,no+rps
154,1418,2023-03-28 19:24:56.695180,2023-03-28 19:25:49.483,30.0,0.033,0.134,0.017,52.78782,30.184,22.603820000000002,no+rps
155,1577,2023-03-28 19:25:18.726591,2023-03-28 19:25:50.392,30.6,0.040,0.235,0.009,31.665409,30.884,0.781409,no+rps
156,1584,2023-03-28 19:25:19.729618,2023-03-28 19:25:50.288,32.8,0.057,0.380,0.007,30.558382,33.244,-2.685617999999998,no+rps
157,1625,2023-03-28 19:25:25.707445,2023-03-28 19:25:59.977,32.9,0.073,0.290,0.009,34.269555,33.272,0.9975549999999984,no+rps
158,1626,2023-03-28 19:25:25.747327,2023-03-28 19:26:00.171,9.39,0.061,0.115,0.008,34.423673,9.574,24.849673000000003,no+rps
159,1655,2023-03-28 19:25:29.965630,2023-03-28 19:26:06.078,10.0,0.040,0.348,0.009,36.11237,10.397,25.71537,no+rps
160,1656,2023-03-28 19:25:29.967138,2023-03-28 19:26:05.877,10.4,0.036,1.029,0.006,35.909862,11.471,24.438861999999997,no+rps
161,1657,2023-03-28 19:25:29.968341,2023-03-28 19:26:13.777,13.6,0.042,0.064,0.009,43.808659,13.715,30.093659,no+rps
162,1659,2023-03-28 19:25:29.970695,2023-03-28 19:26:19.789,0.02,0.034,0.096,0.008,49.818305,0.158,49.660305,no+rps
163,1660,2023-03-28 19:25:30.723916,2023-03-28 19:26:13.678,14.8,0.040,0.038,0.009,42.954084,14.887,28.067084,no+rps
164,1694,2023-03-28 19:25:35.012011,2023-03-28 19:26:19.498,14.9,0.031,0.070,0.010,44.485989,15.011000000000001,29.474988999999994,no+rps
165,1751,2023-03-28 19:25:43.766429,2023-03-28 19:26:23.164,14.2,0.220,0.046,0.009,39.397571,14.475,24.922570999999998,no+rps
166,1754,2023-03-28 19:25:44.084309,2023-03-28 19:26:23.264,24.8,0.039,0.105,0.006,39.179691,24.950000000000003,14.229690999999995,no+rps
167,1779,2023-03-28 19:27:44.803437,2023-03-28 19:27:54.315,24.6,0.042,0.114,0.009,9.511563,24.765000000000004,-15.253437000000003,no+rps
168,1780,2023-03-28 19:27:44.805074,2023-03-28 19:27:55.383,31.7,0.038,0.039,0.009,10.577926,31.786,-21.208074000000003,no+rps
169,1781,2023-03-28 19:27:44.806355,2023-03-28 19:27:55.081,31.5,0.035,0.091,0.010,10.274645,31.636000000000003,-21.361355000000003,no+rps
170,1782,2023-03-28 19:27:44.807481,2023-03-28 19:28:08.001,23.5,0.050,0.052,0.006,23.193519,23.608,-0.4144810000000021,no+rps
171,1783,2023-03-28 19:27:44.808557,2023-03-28 19:28:09.209,37.6,0.040,0.064,0.015,24.400443,37.719,-13.318557000000002,no+rps
172,1784,2023-03-28 19:27:44.809691,2023-03-28 19:28:09.296,30.9,0.042,0.038,0.007,24.486309,30.987000000000002,-6.500691000000003,no+rps
173,1785,2023-03-28 19:27:44.810901,2023-03-28 19:28:19.998,32.6,0.044,0.074,0.008,35.187099,32.726,2.4610990000000044,no+rps
174,1786,2023-03-28 19:27:44.812086,2023-03-28 19:28:26.890,38.0,0.044,0.219,0.007,42.077914,38.269999999999996,3.807914000000004,no+rps
175,1787,2023-03-28 19:27:45.817584,2023-03-28 19:28:09.405,38.1,0.038,0.197,0.009,23.587416,38.344,-14.756584,no+rps
176,1788,2023-03-28 19:27:45.819087,2023-03-28 19:28:20.133,32.3,0.069,0.031,0.009,34.313913,32.409,1.9049130000000005,no+rps
177,1789,2023-03-28 19:27:45.820162,2023-03-28 19:28:26.997,33.5,0.062,0.081,0.008,41.176838,33.651,7.525837999999993,no+rps
178,1790,2023-03-28 19:27:45.821172,2023-03-28 19:28:33.074,12.6,0.043,9.049,0.007,47.252828,21.698999999999998,25.553828000000003,no+rps
179,1792,2023-03-28 19:27:45.823458,2023-03-28 19:28:40.677,34.3,0.038,7.137,0.013,54.853542,41.48799999999999,13.365542000000005,no+rps
180,1793,2023-03-28 19:27:45.824466,2023-03-28 19:28:31.584,34.4,0.058,8.137,0.007,45.759534,42.602,3.1575340000000054,no+rps
181,1890,2023-03-28 19:27:57.936829,2023-03-28 19:28:40.177,13.2,0.044,6.135,0.009,42.240171,19.387999999999998,22.852171,no+rps
182,1898,2023-03-28 19:27:58.946177,2023-03-28 19:28:47.373,13.2,0.070,9.562,0.007,48.426823,22.839,25.587823,no+rps
183,1905,2023-03-28 19:27:59.956453,2023-03-28 19:28:47.585,13.4,0.052,0.121,0.189,47.628547,13.762,33.866547,no+rps
184,2055,2023-03-28 19:28:19.882853,2023-03-28 19:28:53.576,12.8,0.037,7.078,0.007,33.693147,19.922,13.771147000000003,no+rps
185,2056,2023-03-28 19:28:19.958600,2023-03-28 19:28:52.417,13.8,0.052,2.095,0.024,32.4584,15.971,16.487399999999997,no+rps
186,2108,2023-03-28 19:28:26.991044,2023-03-28 19:29:01.593,13.8,0.051,9.337,0.006,34.601956,23.194000000000003,11.407955999999999,no+rps
187,2109,2023-03-28 19:28:26.992529,2023-03-28 19:29:01.478,14.3,0.041,4.563,0.014,34.485471,18.918,15.567470999999998,no+rps
188,2127,2023-03-28 19:28:29.123800,2023-03-28 19:29:07.668,22.9,0.050,0.463,0.006,38.5442,23.419,15.125199999999996,no+rps
189,2128,2023-03-28 19:28:29.124997,2023-03-28 19:29:07.492,23.1,0.044,0.254,0.021,38.367003,23.419000000000004,14.948002999999993,no+rps
190,2129,2023-03-28 19:28:30.005736,2023-03-28 19:29:15.187,26.4,0.074,0.265,0.025,45.181264,26.764,18.417264,no+rps
191,2132,2023-03-28 19:28:30.059194,2023-03-28 19:29:15.962,30.5,0.057,0.099,0.015,45.902806,30.671,15.231805999999999,no+rps
192,2134,2023-03-28 19:28:30.129915,2023-03-28 19:29:22.314,26.4,0.038,0.108,0.010,52.184085,26.556,25.628085000000002,no+rps
193,2141,2023-03-28 19:28:32.015111,2023-03-28 19:29:22.198,26.6,0.057,0.716,0.011,50.182889,27.384,22.798889000000003,no+rps
194,2195,2023-03-28 19:28:41.064821,2023-03-28 19:29:01.144,26.3,0.038,0.137,0.008,20.079179,26.483,-6.403821000000001,no+rps
195,2197,2023-03-28 19:28:41.079354,2023-03-28 19:29:01.785,27.9,0.040,0.057,0.015,20.705646,28.011999999999997,-7.306353999999995,no+rps
196,2199,2023-03-28 19:28:41.176701,2023-03-28 19:29:02.100,27.5,0.039,0.124,0.007,20.923299,27.67,-6.746701000000002,no+rps
197,2201,2023-03-28 19:28:42.069166,2023-03-28 19:29:01.984,25.6,0.036,0.237,0.009,19.914834,25.882,-5.967166000000002,no+rps
198,2203,2023-03-28 19:28:42.081873,2023-03-28 19:29:15.072,27.7,0.050,0.108,0.018,32.990127,27.876,5.114127,no+rps
199,2204,2023-03-28 19:28:42.092250,2023-03-28 19:29:15.502,26.5,0.038,0.143,0.010,33.40975,26.691000000000003,6.71875,no+rps
200,2213,2023-03-28 19:28:44.078553,2023-03-28 19:29:15.403,2.87,0.054,0.217,0.008,31.324447,3.149,28.175447,no+rps
201,2215,2023-03-28 19:28:44.087058,2023-03-28 19:29:02.870,34.5,0.049,9.186,0.008,18.782942,43.743,-24.960058000000004,no+rps
202,2217,2023-03-28 19:28:44.190209,2023-03-28 19:29:02.792,34.8,0.083,0.051,0.006,18.601791,34.94,-16.338209,no+rps
203,2220,2023-03-28 19:28:45.090252,2023-03-28 19:29:03.274,2.85,0.255,0.115,0.008,18.183748,3.228,14.955748000000002,no+rps
204,2221,2023-03-28 19:28:45.099748,2023-03-28 19:29:15.803,3.83,0.100,0.190,0.008,30.703252,4.128,26.575252,no+rps
205,2225,2023-03-28 19:28:46.093207,2023-03-28 19:29:28.085,38.9,0.038,0.200,0.009,41.991793,39.147,2.844793000000003,no+rps
206,2226,2023-03-28 19:28:46.101702,2023-03-28 19:29:27.998,39.0,0.040,1.080,0.007,41.896298,40.126999999999995,1.7692980000000063,no+rps
207,2233,2023-03-28 19:28:47.204956,2023-03-28 19:29:17.044,26.0,0.034,1.273,0.019,29.839044,27.325999999999997,2.5130440000000043,no+rps
208,2235,2023-03-28 19:28:48.098832,2023-03-28 19:29:02.177,27.3,0.039,0.042,0.012,14.078168,27.393000000000004,-13.314832000000004,no+rps
209,2240,2023-03-28 19:28:49.102033,2023-03-28 19:29:16.901,35.5,0.067,0.040,0.023,27.798967,35.63,-7.8310330000000015,no+rps
210,2248,2023-03-28 19:28:50.218108,2023-03-28 19:29:17.144,34.8,0.075,0.059,0.049,26.925892,34.983,-8.057107999999996,no+rps
211,2250,2023-03-28 19:28:51.107960,2023-03-28 19:29:16.984,10.3,0.081,0.201,0.007,25.87604,10.589,15.28704,no+rps
212,2251,2023-03-28 19:28:51.113604,2023-03-28 19:29:34.594,10.5,0.064,0.198,0.021,43.480396,10.783000000000001,32.697396,no+rps
213,2260,2023-03-28 19:28:53.114508,2023-03-28 19:29:28.825,31.4,0.054,0.115,0.008,35.710492,31.576999999999995,4.1334920000000075,no+rps
214,2262,2023-03-28 19:28:53.229630,2023-03-28 19:29:34.961,30.3,0.062,0.095,0.028,41.73137,30.485,11.246369999999999,no+rps
215,2265,2023-03-28 19:28:54.116888,2023-03-28 19:29:29.109,30.9,0.071,0.121,0.034,34.992112,31.125999999999998,3.866112000000001,no+rps
216,2295,2023-03-28 19:29:01.151881,2023-03-28 19:29:28.677,43.2,0.043,0.040,0.008,27.525119,43.291000000000004,-15.765881000000004,no+rps
217,2299,2023-03-28 19:29:02.157109,2023-03-28 19:29:33.741,41.5,0.075,0.076,0.006,31.583891,41.657000000000004,-10.073109000000002,no+rps
218,2300,2023-03-28 19:29:02.158649,2023-03-28 19:29:28.420,33.2,0.043,0.039,0.011,26.261351,33.293000000000006,-7.031649000000005,no+rps
219,2301,2023-03-28 19:29:02.269712,2023-03-28 19:29:35.686,6.41,0.074,0.229,0.008,33.416288,6.721,26.695288,no+rps
220,2302,2023-03-28 19:29:02.271261,2023-03-28 19:29:41.456,6.55,0.060,0.036,0.009,39.184739,6.654999999999999,32.529739,no+rps
221,2303,2023-03-28 19:29:03.162305,2023-03-28 19:29:40.925,14.1,0.051,0.038,0.008,37.762695,14.197,23.565695,no+rps
222,2304,2023-03-28 19:29:03.163767,2023-03-28 19:29:34.213,15.1,0.048,0.078,0.009,31.049233,15.235,15.814233000000002,no+rps
223,2305,2023-03-28 19:29:03.273910,2023-03-28 19:29:33.880,6.60,0.064,0.073,0.015,30.60609,6.752,23.85409,no+rps
224,2309,2023-03-28 19:29:04.278074,2023-03-28 19:29:46.695,37.6,0.034,0.037,0.009,42.416926,37.68,4.736925999999997,no+rps
225,2311,2023-03-28 19:29:05.172202,2023-03-28 19:29:47.989,38.6,0.061,0.091,0.015,42.816798,38.767,4.049797999999996,no+rps
226,2325,2023-03-28 19:29:08.294853,2023-03-28 19:29:46.543,25.3,0.131,0.039,0.013,38.248147,25.483000000000004,12.765146999999999,no+rps
227,2328,2023-03-28 19:29:09.194041,2023-03-28 19:29:46.466,26.3,0.074,0.065,0.007,37.271959,26.446000000000005,10.825958999999997,no+rps
228,2352,2023-03-28 19:29:15.224446,2023-03-28 19:29:46.387,23.0,0.065,0.129,0.013,31.162554,23.207000000000004,7.955553999999996,no+rps
229,2354,2023-03-28 19:29:15.326455,2023-03-28 19:29:42.468,18.2,0.058,0.435,0.007,27.141545,18.7,8.441545000000001,no+rps
230,2355,2023-03-28 19:29:16.229816,2023-03-28 19:29:41.947,30.9,0.067,0.815,0.013,25.717184,31.795,-6.077816000000002,no+rps
231,2356,2023-03-28 19:29:16.329748,2023-03-28 19:29:47.476,37.0,0.065,0.922,0.007,31.146252,37.99399999999999,-6.847747999999992,no+rps
232,2360,2023-03-28 19:29:17.335521,2023-03-28 19:29:51.773,38.1,0.195,0.065,0.009,34.437479,38.369,-3.9315209999999965,no+rps
233,2361,2023-03-28 19:29:18.236566,2023-03-28 19:29:51.929,42.3,0.447,0.500,0.013,33.692434,43.26,-9.567566,no+rps
234,2362,2023-03-28 19:29:18.338451,2023-03-28 19:29:21.311,31.0,0.448,0.043,0.010,2.972549,31.501,-28.528451,no+rps
235,2363,2023-03-28 19:29:18.339879,2023-03-28 19:29:47.899,26.5,0.447,0.185,0.010,29.559121,27.142,2.4171210000000016,no+rps
236,2364,2023-03-28 19:29:19.239932,2023-03-28 19:29:31.708,42.6,0.454,0.046,0.009,12.468068,43.109,-30.640932,no+rps
237,2365,2023-03-28 19:29:19.342860,2023-03-28 19:29:31.888,25.9,0.469,0.093,0.010,12.54514,26.472,-13.926860000000001,no+rps
238,2366,2023-03-28 19:29:19.344279,2023-03-28 19:29:48.205,19.8,0.056,0.058,0.007,28.860721,19.921000000000003,8.939720999999999,no+rps
239,2368,2023-03-28 19:29:20.348868,2023-03-28 19:30:01.698,19.7,0.043,0.304,0.010,41.349132,20.057,21.292132,no+rps
240,2369,2023-03-28 19:29:20.350426,2023-03-28 19:29:36.509,34.2,0.039,0.043,0.012,16.158574,34.294000000000004,-18.135426000000002,no+rps
241,2371,2023-03-28 19:29:21.353383,2023-03-28 19:29:53.995,33.3,0.035,0.061,0.011,32.641617,33.407,-0.7653829999999999,no+rps
242,2372,2023-03-28 19:29:21.354865,2023-03-28 19:29:25.168,31.6,0.044,0.037,0.010,3.813135,31.691000000000003,-27.877865000000003,no+rps
243,2374,2023-03-28 19:29:22.357648,2023-03-28 19:29:37.572,27.5,0.034,0.327,0.013,15.214352,27.874000000000002,-12.659648000000002,no+rps
244,2375,2023-03-28 19:29:22.359084,2023-03-28 19:29:45.555,7.81,0.048,0.048,0.008,23.195916,7.914,15.281916,no+rps
245,2379,2023-03-28 19:29:23.952148,2023-03-28 19:29:27.910,29.5,0.052,0.059,0.017,3.957852,29.628,-25.670148,no+rps
246,2385,2023-03-28 19:29:25.370224,2023-03-28 19:30:00.041,29.8,0.060,0.038,0.015,34.670776,29.913,4.757775999999996,no+rps
247,2390,2023-03-28 19:29:26.376167,2023-03-28 19:29:54.115,12.2,0.057,0.109,0.011,27.738833,12.376999999999999,15.361833,no+rps
248,2392,2023-03-28 19:29:27.266853,2023-03-28 19:29:45.645,34.5,0.061,0.040,0.010,18.378147,34.611,-16.232853,no+rps
249,2395,2023-03-28 19:29:27.964902,2023-03-28 19:29:58.038,12.0,0.034,0.063,0.014,30.073098,12.111,17.962098,no+rps
250,2396,2023-03-28 19:29:28.269858,2023-03-28 19:29:57.880,11.4,0.129,0.044,0.009,29.610142,11.582,18.028142,no+rps
251,2399,2023-03-28 19:29:28.967983,2023-03-28 19:29:48.890,38.4,0.096,0.127,0.009,19.922017,38.632,-18.709982999999998,no+rps
252,2400,2023-03-28 19:29:29.272990,2023-03-28 19:29:35.787,28.9,0.068,0.040,0.008,6.51401,29.016,-22.50199,no+rps
253,2401,2023-03-28 19:29:29.388435,2023-03-28 19:29:49.281,14.0,0.047,0.209,0.010,19.892565,14.266,5.626565000000001,no+rps
254,2402,2023-03-28 19:29:29.389966,2023-03-28 19:29:36.077,13.7,0.072,0.125,0.017,6.687034,13.913999999999998,-7.226965999999998,no+rps
255,2404,2023-03-28 19:29:30.393488,2023-03-28 19:29:38.361,14.2,0.115,0.078,0.010,7.967512,14.402999999999999,-6.4354879999999985,no+rps
256,2405,2023-03-28 19:29:30.395003,2023-03-28 19:30:08.313,14.3,0.066,0.103,0.009,37.917997,14.478000000000002,23.439996999999998,no+rps
257,2406,2023-03-28 19:29:31.280281,2023-03-28 19:30:04.851,30.5,0.721,0.102,0.007,33.570719,31.330000000000002,2.240718999999995,no+rps
258,2408,2023-03-28 19:29:31.401720,2023-03-28 19:30:06.984,14.7,0.453,0.061,0.009,35.58228,15.222999999999999,20.35928,no+rps
259,2409,2023-03-28 19:29:32.283646,2023-03-28 19:29:54.796,15.1,0.551,0.074,0.017,22.512354,15.741999999999999,6.770353999999999,no+rps
260,2410,2023-03-28 19:29:32.404563,2023-03-28 19:29:59.306,2.91,0.500,0.042,0.011,26.901437,3.463,23.438437,no+rps
261,2411,2023-03-28 19:29:32.406081,2023-03-28 19:30:08.118,13.1,3.093,0.057,0.009,35.711919,16.258999999999997,19.452919000000005,no+rps
262,2412,2023-03-28 19:29:33.286983,2023-03-28 19:30:08.207,12.2,2.137,0.082,0.012,34.920017,14.431000000000001,20.489017,no+rps
263,2413,2023-03-28 19:29:33.408783,2023-03-28 19:30:13.802,11.8,0.698,0.049,0.024,40.393217,12.571,27.822217000000002,no+rps
264,2414,2023-03-28 19:29:33.410284,2023-03-28 19:30:08.376,12.1,0.287,0.197,0.010,34.965716,12.594,22.371716,no+rps
265,2415,2023-03-28 19:29:34.290191,2023-03-28 19:30:08.500,12.4,0.070,0.110,0.016,34.209809,12.596,21.613809,no+rps
266,2416,2023-03-28 19:29:34.413619,2023-03-28 19:30:07.787,5.10,0.049,0.071,0.012,33.373381,5.231999999999999,28.141381000000003,no+rps
267,2417,2023-03-28 19:29:34.415045,2023-03-28 19:30:18.541,14.5,0.063,0.301,0.007,44.125955,14.871,29.254954999999995,no+rps
268,2418,2023-03-28 19:29:35.294034,2023-03-28 19:30:17.107,19.7,0.075,0.042,0.011,41.812966,19.828,21.984966000000004,no+rps
269,2419,2023-03-28 19:29:35.417828,2023-03-28 19:30:00.572,20.5,0.055,0.078,0.008,25.154172,20.641,4.513172000000001,no+rps
270,2420,2023-03-28 19:29:35.421273,2023-03-28 19:30:01.189,18.7,0.073,0.087,0.009,25.767727,18.869,6.898727000000001,no+rps
271,2421,2023-03-28 19:29:36.297454,2023-03-28 19:30:09.573,26.2,0.074,0.169,0.020,33.275546,26.463,6.8125459999999975,no+rps
272,2422,2023-03-28 19:29:36.424265,2023-03-28 19:30:15.026,22.1,0.248,0.180,0.009,38.601735,22.537000000000003,16.064734999999995,no+rps
273,2423,2023-03-28 19:29:36.425767,2023-03-28 19:30:17.501,23.0,0.083,0.178,0.013,41.075233,23.274,17.801232999999996,no+rps
274,2424,2023-03-28 19:29:37.300650,2023-03-28 19:30:14.953,25.6,0.065,0.041,0.008,37.65235,25.714000000000002,11.938349999999996,no+rps
275,2425,2023-03-28 19:29:37.428537,2023-03-28 19:30:18.715,26.0,0.066,0.086,0.010,41.286463,26.162,15.124462999999999,no+rps
276,2426,2023-03-28 19:29:37.430050,2023-03-28 19:30:28.365,28.8,0.076,0.051,0.010,50.93495,28.937,21.99795,no+rps
277,2427,2023-03-28 19:29:38.303984,2023-03-28 19:30:08.715,28.1,0.062,0.098,0.013,30.411016,28.273000000000003,2.138015999999997,no+rps
278,2429,2023-03-28 19:29:38.434402,2023-03-28 19:30:12.393,30.1,0.041,0.034,0.025,33.958598,30.2,3.7585980000000028,no+rps
279,2430,2023-03-28 19:29:39.307363,2023-03-28 19:30:13.979,29.1,0.038,0.043,0.019,34.671637,29.2,5.471636999999998,no+rps
280,2431,2023-03-28 19:29:39.436870,2023-03-28 19:30:14.862,13.7,0.053,0.044,0.008,35.42513,13.805,21.620130000000003,no+rps
281,2432,2023-03-28 19:29:39.438536,2023-03-28 19:30:09.498,25.2,0.074,0.111,0.012,30.059464,25.397000000000002,4.662463999999996,no+rps
282,2433,2023-03-28 19:29:40.310486,2023-03-28 19:30:28.873,12.3,0.041,0.068,0.012,48.562514,12.421000000000001,36.141514,no+rps
283,2436,2023-03-28 19:29:41.313811,2023-03-28 19:30:19.366,25.5,0.042,0.073,0.011,38.052189,25.626,12.426188999999997,no+rps
284,2437,2023-03-28 19:29:41.447662,2023-03-28 19:30:12.941,14.2,0.044,0.042,0.018,31.493338,14.304,17.189338,no+rps
285,2439,2023-03-28 19:29:42.317165,2023-03-28 19:30:28.976,25.5,0.053,0.430,0.009,46.658835,25.992,20.666835000000003,no+rps
286,2441,2023-03-28 19:29:42.453561,2023-03-28 19:30:08.818,13.8,0.037,0.060,0.009,26.364439,13.906000000000002,12.458438999999998,no+rps
287,2442,2023-03-28 19:29:43.321041,2023-03-28 19:30:19.760,14.0,0.049,0.093,0.009,36.438959,14.151,22.287958999999997,no+rps
288,2443,2023-03-28 19:29:43.457004,2023-03-28 19:30:25.465,25.2,0.268,0.095,0.008,42.007996,25.570999999999998,16.436996,no+rps
289,2444,2023-03-28 19:29:44.324728,2023-03-28 19:30:22.364,14.0,0.058,0.097,0.009,38.039272,14.164,23.875271999999995,no+rps
290,2445,2023-03-28 19:29:44.460331,2023-03-28 19:30:20.056,17.6,0.057,0.163,0.010,35.595669,17.830000000000002,17.765669,no+rps
291,2446,2023-03-28 19:29:44.982013,2023-03-28 19:30:26.261,14.0,0.038,0.190,0.018,41.278987,14.246,27.032987,no+rps
292,2447,2023-03-28 19:29:44.983429,2023-03-28 19:30:09.075,26.2,0.045,0.042,0.008,24.091571,26.295,-2.2034290000000034,no+rps
293,2449,2023-03-28 19:29:45.463304,2023-03-28 19:30:09.269,26.0,0.040,0.238,0.012,23.805696,26.29,-2.484303999999998,no+rps
294,2451,2023-03-28 19:29:45.987670,2023-03-28 19:30:28.465,26.5,0.044,0.042,0.015,42.47733,26.601000000000003,15.87633,no+rps
295,2452,2023-03-28 19:29:46.332926,2023-03-28 19:30:26.355,28.0,0.044,0.038,0.008,40.022074,28.09,11.932074000000004,no+rps
296,2460,2023-03-28 19:29:47.996658,2023-03-28 19:30:09.215,31.2,0.083,0.088,0.011,21.218342,31.381999999999998,-10.163657999999998,no+rps
297,2463,2023-03-28 19:29:48.989210,2023-03-28 19:30:21.975,24.7,0.090,0.053,0.011,32.98579,24.854,8.131790000000002,no+rps
298,2472,2023-03-28 19:29:50.478896,2023-03-28 19:30:21.809,31.8,0.045,0.188,0.010,31.330104,32.043000000000006,-0.7128960000000077,no+rps
299,2480,2023-03-28 19:29:52.012346,2023-03-28 19:30:20.823,31.4,0.050,0.086,0.008,28.810654,31.543999999999997,-2.7333459999999974,no+rps
300,2484,2023-03-28 19:29:53.014750,2023-03-28 19:30:21.916,36.5,0.057,0.053,0.011,28.90125,36.621,-7.719750000000001,no+rps
301,2486,2023-03-28 19:29:53.356787,2023-03-28 19:30:35.851,33.5,0.181,0.091,0.007,42.494213,33.778999999999996,8.715213000000006,no+rps
302,2490,2023-03-28 19:29:54.019789,2023-03-28 19:30:36.424,34.8,0.075,0.048,0.013,42.404211,34.936,7.468210999999997,no+rps
303,2509,2023-03-28 19:29:58.034339,2023-03-28 19:30:34.376,34.6,0.068,0.093,0.029,36.341661,34.790000000000006,1.5516609999999957,no+rps
304,2515,2023-03-28 19:29:59.505695,2023-03-28 19:30:36.033,25.8,0.064,0.043,0.012,36.527305,25.919,10.608304999999998,no+rps
305,2521,2023-03-28 19:30:01.041706,2023-03-28 19:30:25.914,24.8,0.054,0.067,0.015,24.872294,24.936,-0.06370599999999982,no+rps
306,2522,2023-03-28 19:30:01.384532,2023-03-28 19:30:08.610,18.8,0.058,0.047,0.010,7.225468,18.915000000000003,-11.689532000000003,no+rps
307,2523,2023-03-28 19:30:01.511561,2023-03-28 19:30:40.482,0.02,0.056,0.202,0.008,38.970439,0.28600000000000003,38.684439,no+rps
308,2527,2023-03-28 19:30:02.515166,2023-03-28 19:30:40.631,17.3,0.040,0.047,0.014,38.115834,17.401,20.714834,no+rps
309,2528,2023-03-28 19:30:03.033622,2023-03-28 19:30:09.369,24.8,0.040,0.332,0.020,6.335378,25.192,-18.856622,no+rps
310,2529,2023-03-28 19:30:03.047304,2023-03-28 19:30:29.074,29.5,0.076,0.041,0.012,26.026696,29.629,-3.602304,no+rps
311,2531,2023-03-28 19:30:03.518594,2023-03-28 19:30:21.277,19.4,0.040,0.048,0.009,17.758406,19.496999999999996,-1.7385939999999955,no+rps
312,2532,2023-03-28 19:30:04.036908,2023-03-28 19:30:34.287,29.9,0.065,0.212,0.016,30.250092,30.192999999999998,0.05709200000000081,no+rps
313,2533,2023-03-28 19:30:04.049828,2023-03-28 19:30:29.201,36.1,0.072,0.295,0.010,25.151172,36.477000000000004,-11.325828000000005,no+rps
314,2534,2023-03-28 19:30:04.395293,2023-03-28 19:30:34.076,26.2,0.053,0.042,0.009,29.680707,26.304000000000002,3.3767069999999997,no+rps
315,2536,2023-03-28 19:30:05.040414,2023-03-28 19:30:18.979,21.2,0.064,0.204,0.007,13.938586,21.475,-7.536414000000001,no+rps
316,2538,2023-03-28 19:30:05.399182,2023-03-28 19:30:19.969,22.0,0.045,0.049,0.009,14.569818,22.103,-7.533182000000002,no+rps
317,2539,2023-03-28 19:30:05.524961,2023-03-28 19:30:36.623,27.9,0.042,0.080,0.012,31.098039,28.034,3.064039000000001,no+rps
318,2540,2023-03-28 19:30:06.043351,2023-03-28 19:30:20.739,38.9,0.041,0.084,0.010,14.695649,39.035,-24.339350999999997,no+rps
319,2541,2023-03-28 19:30:06.056163,2023-03-28 19:30:52.251,34.9,0.066,0.095,0.017,46.194837,35.078,11.116836999999997,no+rps
320,2542,2023-03-28 19:30:06.402609,2023-03-28 19:30:20.617,17.2,0.080,0.057,0.011,14.214391,17.347999999999995,-3.1336089999999945,no+rps
321,2543,2023-03-28 19:30:06.528287,2023-03-28 19:30:35.306,22.4,0.049,0.071,0.040,28.777713,22.56,6.217713,no+rps
322,2544,2023-03-28 19:30:07.046704,2023-03-28 19:30:21.205,39.6,0.095,0.044,0.013,14.158296,39.751999999999995,-25.593703999999995,no+rps
323,2545,2023-03-28 19:30:07.058394,2023-03-28 19:30:19.671,26.3,0.145,0.150,0.014,12.612606,26.608999999999998,-13.996393999999999,no+rps
324,2546,2023-03-28 19:30:07.406092,2023-03-28 19:30:21.581,29.1,0.183,0.069,0.008,14.174908,29.36,-15.185092,no+rps
325,2547,2023-03-28 19:30:07.531766,2023-03-28 19:30:40.334,27.0,0.157,0.042,0.008,32.802234,27.207,5.595233999999998,no+rps
326,2548,2023-03-28 19:30:08.050083,2023-03-28 19:30:34.513,32.5,0.235,0.095,0.008,26.462917,32.838,-6.375083,no+rps
327,2549,2023-03-28 19:30:08.060908,2023-03-28 19:30:41.322,38.6,0.121,0.484,0.009,33.261092,39.214000000000006,-5.952908000000008,no+rps
328,2550,2023-03-28 19:30:08.409770,2023-03-28 19:30:33.394,37.6,0.052,0.059,0.015,24.98423,37.726,-12.741769999999999,no+rps
329,2551,2023-03-28 19:30:08.535423,2023-03-28 19:30:52.382,33.0,0.105,0.052,0.019,43.846577,33.175999999999995,10.670577000000009,no+rps
330,2552,2023-03-28 19:30:09.052823,2023-03-28 19:30:36.522,26.8,0.083,0.056,0.063,27.469177,27.002,0.4671769999999995,no+rps
331,2554,2023-03-28 19:30:09.412588,2023-03-28 19:30:35.039,29.7,0.049,0.076,0.016,25.626412,29.840999999999998,-4.214587999999999,no+rps
332,2555,2023-03-28 19:30:09.538465,2023-03-28 19:30:53.706,36.7,0.078,0.187,0.008,44.167535,36.973000000000006,7.194534999999995,no+rps
333,2556,2023-03-28 19:30:10.055889,2023-03-28 19:30:36.336,27.1,0.065,1.340,0.008,26.280111,28.513,-2.232889,no+rps
334,2563,2023-03-28 19:30:11.545480,2023-03-28 19:30:42.825,35.0,0.121,0.066,0.038,31.27952,35.225,-3.94548,no+rps
335,2565,2023-03-28 19:30:12.070523,2023-03-28 19:30:40.191,24.5,0.135,0.068,0.017,28.120477,24.720000000000002,3.4004769999999986,no+rps
336,2566,2023-03-28 19:30:12.423357,2023-03-28 19:31:05.044,3.32,0.097,0.110,0.008,52.620643,3.5349999999999997,49.085643000000005,no+rps
337,2569,2023-03-28 19:30:13.073394,2023-03-28 19:30:34.726,18.8,0.423,0.141,0.013,21.652606,19.377,2.275606,no+rps
338,2570,2023-03-28 19:30:13.427227,2023-03-28 19:30:32.370,25.4,0.064,0.097,0.009,18.942773,25.57,-6.627227000000001,no+rps
339,2575,2023-03-28 19:30:14.554668,2023-03-28 19:30:34.213,25.1,0.072,0.110,0.010,19.658332,25.292,-5.633668,no+rps
340,2576,2023-03-28 19:30:15.073953,2023-03-28 19:30:42.071,22.5,0.040,0.133,0.008,26.997047,22.680999999999997,4.316047000000001,no+rps
341,2578,2023-03-28 19:30:15.434432,2023-03-28 19:30:32.847,23.3,9.084,0.045,0.007,17.412568,32.436,-15.023432,no+rps
342,2581,2023-03-28 19:30:16.081352,2023-03-28 19:31:04.964,14.2,0.045,0.116,0.018,48.882648,14.379,34.503648000000005,no+rps
343,2582,2023-03-28 19:30:16.438333,2023-03-28 19:30:52.318,19.2,0.033,0.196,0.022,35.879667,19.451,16.428666999999997,no+rps
344,2583,2023-03-28 19:30:16.561006,2023-03-28 19:31:04.069,22.3,0.035,0.045,0.009,47.507994,22.389000000000003,25.118993999999994,no+rps
345,2586,2023-03-28 19:30:17.441711,2023-03-28 19:30:36.184,35.8,0.040,0.060,0.010,18.742289,35.91,-17.167710999999997,no+rps
346,2590,2023-03-28 19:30:19.026199,2023-03-28 19:30:52.438,22.2,0.034,0.194,0.007,33.411801,22.435,10.976800999999998,no+rps
347,2591,2023-03-28 19:30:19.087072,2023-03-28 19:30:53.083,27.5,0.511,0.245,0.007,33.995928,28.263,5.732927999999998,no+rps
348,2594,2023-03-28 19:30:20.029164,2023-03-28 19:30:53.156,21.5,0.038,0.134,0.010,33.126836,21.682000000000002,11.444835999999995,no+rps
349,2596,2023-03-28 19:30:20.452021,2023-03-28 19:30:54.714,21.2,0.059,0.177,0.008,34.261979,21.444,12.817978999999998,no+rps
350,2597,2023-03-28 19:30:21.032544,2023-03-28 19:30:55.189,18.0,0.045,0.086,0.019,34.156456,18.15,16.006456,no+rps
351,2598,2023-03-28 19:30:21.096375,2023-03-28 19:30:54.069,30.2,0.042,0.393,0.017,32.972625,30.652,2.3206249999999997,no+rps
352,2599,2023-03-28 19:30:21.455457,2023-03-28 19:31:04.159,29.8,0.064,0.081,0.022,42.703543,29.967,12.736543000000005,no+rps
353,2601,2023-03-28 19:30:22.099891,2023-03-28 19:31:05.242,34.2,0.061,0.060,0.025,43.142109,34.346000000000004,8.796108999999994,no+rps
354,2602,2023-03-28 19:30:22.458893,2023-03-28 19:30:53.314,29.5,0.209,0.111,0.008,30.855107,29.828,1.0271070000000009,no+rps
355,2603,2023-03-28 19:30:23.039342,2023-03-28 19:30:53.221,17.7,0.083,0.058,0.015,30.181658,17.855999999999998,12.325658,no+rps
356,2605,2023-03-28 19:30:23.462390,2023-03-28 19:31:04.644,28.8,0.055,0.057,0.021,41.18161,28.933,12.24861,no+rps
357,2606,2023-03-28 19:30:24.042817,2023-03-28 19:31:08.186,28.5,0.144,0.047,0.010,44.143183,28.701,15.442183,no+rps
358,2607,2023-03-28 19:30:24.106547,2023-03-28 19:30:52.560,27.6,0.075,0.091,0.007,28.453453,27.773000000000003,0.6804529999999964,no+rps
359,2608,2023-03-28 19:30:24.464999,2023-03-28 19:30:53.561,38.7,0.164,0.184,0.012,29.096001,39.06,-9.963999000000001,no+rps
360,2609,2023-03-28 19:30:25.045577,2023-03-28 19:31:04.714,42.0,0.138,0.111,0.026,39.668423,42.275,-2.6065770000000015,no+rps
361,2611,2023-03-28 19:30:25.468260,2023-03-28 19:31:05.635,19.8,9.140,0.077,0.009,40.16674,29.026000000000003,11.140739999999994,no+rps
362,2613,2023-03-28 19:30:26.112640,2023-03-28 19:30:53.893,34.2,0.067,0.057,0.016,27.78036,34.34,-6.559640000000002,no+rps
363,2615,2023-03-28 19:30:27.051626,2023-03-28 19:31:04.871,30.5,0.400,0.089,0.018,37.819374,31.006999999999998,6.8123740000000055,no+rps
364,2616,2023-03-28 19:30:27.115474,2023-03-28 19:31:05.305,18.1,0.036,0.156,0.025,38.189526,18.317,19.872526,no+rps
365,2617,2023-03-28 19:30:27.477507,2023-03-28 19:31:06.752,26.9,0.032,0.089,0.008,39.274493,27.028999999999996,12.245493000000003,no+rps
366,2618,2023-03-28 19:30:28.054961,2023-03-28 19:30:54.263,21.7,0.131,0.111,0.008,26.208039,21.95,4.258039,no+rps
367,2619,2023-03-28 19:30:28.118737,2023-03-28 19:30:53.463,33.2,0.046,0.073,0.009,25.344263,33.328,-7.983737000000001,no+rps
368,2621,2023-03-28 19:30:29.058149,2023-03-28 19:30:54.417,24.9,0.049,0.249,0.009,25.358851,25.206999999999997,0.15185100000000418,no+rps
369,2623,2023-03-28 19:30:29.483950,2023-03-28 19:31:07.720,39.1,0.044,0.081,0.007,38.23605,39.232,-0.9959500000000006,no+rps
370,2624,2023-03-28 19:30:30.061530,2023-03-28 19:30:53.382,38.1,0.034,0.143,0.010,23.32047,38.287,-14.966529999999999,no+rps
371,2627,2023-03-28 19:30:31.064805,2023-03-28 19:31:05.453,35.6,0.038,0.083,0.007,34.388195,35.727999999999994,-1.3398049999999913,no+rps
372,2631,2023-03-28 19:30:32.131119,2023-03-28 19:31:08.107,42.6,0.038,0.071,0.007,35.975881,42.715999999999994,-6.740118999999993,no+rps
373,2632,2023-03-28 19:30:32.494015,2023-03-28 19:30:54.526,33.9,0.035,0.043,0.010,22.031985,33.98799999999999,-11.956014999999994,no+rps
374,2636,2023-03-28 19:30:34.137244,2023-03-28 19:31:08.266,8.42,0.041,0.088,0.018,34.128756,8.567,25.561756000000003,no+rps
375,2637,2023-03-28 19:30:34.500390,2023-03-28 19:31:05.760,9.62,0.036,0.046,0.009,31.25961,9.710999999999999,21.54861,no+rps
376,2638,2023-03-28 19:30:35.140037,2023-03-28 19:31:05.180,10.0,0.043,0.042,0.012,30.039963,10.097,19.942963,no+rps
377,2639,2023-03-28 19:30:35.504172,2023-03-28 19:31:04.579,14.6,0.047,0.102,0.008,29.074828,14.757,14.317828,no+rps
378,2643,2023-03-28 19:30:37.511760,2023-03-28 19:31:05.519,15.2,0.043,0.147,0.010,28.00724,15.399999999999999,12.607240000000001,no+rps
379,2645,2023-03-28 19:30:39.519431,2023-03-28 19:31:05.378,14.7,0.049,0.058,0.007,25.858569,14.813999999999998,11.044569000000001,no+rps
380,2646,2023-03-28 19:30:40.523534,2023-03-28 19:30:52.501,16.0,0.047,0.043,0.007,11.977466,16.097,-4.119534000000002,no+rps
381,2650,2023-03-28 19:32:44.219124,2023-03-28 19:32:54.356,27.4,0.039,0.103,0.006,10.136876,27.548000000000002,-17.411124,no+rps
382,2651,2023-03-28 19:32:44.220735,2023-03-28 19:32:52.765,27.8,0.044,0.048,0.007,8.544265,27.899,-19.354735,no+rps
383,2652,2023-03-28 19:32:44.222025,2023-03-28 19:32:53.993,28.1,0.041,0.038,0.007,9.770975,28.186000000000003,-18.415025000000004,no+rps
384,2653,2023-03-28 19:32:45.227373,2023-03-28 19:33:07.436,28.6,0.042,0.083,0.019,22.208627,28.744,-6.535373,no+rps
385,2654,2023-03-28 19:32:45.228892,2023-03-28 19:33:08.822,36.1,0.037,0.087,0.007,23.593108,36.231,-12.637892,no+rps
386,2655,2023-03-28 19:32:45.230426,2023-03-28 19:33:08.047,28.9,0.041,0.300,0.007,22.816574,29.248,-6.431426000000002,no+rps
387,2656,2023-03-28 19:32:46.233291,2023-03-28 19:33:08.737,29.7,0.038,0.056,0.007,22.503709,29.801000000000002,-7.297291000000001,no+rps
388,2657,2023-03-28 19:32:46.234957,2023-03-28 19:33:21.461,30.3,0.037,0.086,0.011,35.226043,30.433999999999997,4.792043,no+rps
389,2658,2023-03-28 19:32:46.236060,2023-03-28 19:33:22.631,38.1,0.036,0.212,0.007,36.39494,38.355000000000004,-1.9600600000000057,no+rps
390,2659,2023-03-28 19:32:47.238926,2023-03-28 19:33:22.225,40.5,0.053,0.059,0.008,34.986074,40.62,-5.633925999999995,no+rps
391,2660,2023-03-28 19:32:47.240537,2023-03-28 19:33:22.540,28.9,0.041,0.325,0.008,35.299463,29.273999999999997,6.025463000000006,no+rps
392,2661,2023-03-28 19:32:47.241744,2023-03-28 19:33:30.542,28.4,0.040,0.035,0.008,43.300256,28.482999999999997,14.817256,no+rps
393,2662,2023-03-28 19:32:48.226408,2023-03-28 19:33:36.429,41.2,0.033,0.128,0.054,48.202592,41.415000000000006,6.7875919999999965,no+rps
394,2664,2023-03-28 19:32:48.246234,2023-03-28 19:33:37.880,15.2,0.082,0.087,0.006,49.633766,15.375,34.258766,no+rps
395,2711,2023-03-28 19:33:00.301765,2023-03-28 19:33:37.821,15.6,0.039,0.056,0.063,37.519235,15.758,21.761235000000003,no+rps
396,2749,2023-03-28 19:33:09.268176,2023-03-28 19:33:49.952,42.2,0.035,0.047,0.007,40.683824,42.288999999999994,-1.605175999999993,no+rps
397,2750,2023-03-28 19:33:09.273017,2023-03-28 19:33:47.524,27.7,0.035,0.062,0.034,38.250983,27.831,10.419982999999998,no+rps
398,2848,2023-03-28 19:33:21.299075,2023-03-28 19:33:50.429,28.9,0.041,0.061,0.006,29.129925,29.008,0.12192500000000095,no+rps
399,2856,2023-03-28 19:33:22.291885,2023-03-28 19:33:50.873,28.3,0.037,0.205,0.006,28.581115,28.548,0.033115000000002226,no+rps
400,2862,2023-03-28 19:33:22.339302,2023-03-28 19:34:03.846,28.6,0.045,0.094,0.011,41.506698,28.750000000000004,12.756697999999997,no+rps
401,2865,2023-03-28 19:33:22.402244,2023-03-28 19:34:04.955,3.27,0.036,0.139,0.006,42.552756,3.4509999999999996,39.101756,no+rps
402,2938,2023-03-28 19:33:30.390271,2023-03-28 19:34:04.173,6.04,0.035,0.153,0.035,33.782729,6.263,27.519729000000005,no+rps
403,2939,2023-03-28 19:33:30.391685,2023-03-28 19:34:04.545,6.35,0.038,0.080,0.008,34.153315,6.476,27.677315,no+rps
404,2940,2023-03-28 19:33:30.392735,2023-03-28 19:34:17.878,40.5,0.040,0.060,0.010,47.485265,40.61,6.875264999999999,no+rps
405,2942,2023-03-28 19:33:30.436884,2023-03-28 19:34:18.371,40.9,0.040,0.039,0.023,47.934116,41.002,6.932116000000001,no+rps
406,2943,2023-03-28 19:33:30.438409,2023-03-28 19:34:17.785,27.3,0.048,0.044,0.007,47.346591,27.399,19.947590999999996,no+rps
407,2945,2023-03-28 19:33:31.316252,2023-03-28 19:34:31.069,27.5,0.036,0.043,0.007,59.752748,27.586000000000002,32.166748,no+rps
408,2971,2023-03-28 19:33:33.413553,2023-03-28 19:34:31.829,10.9,0.039,0.086,0.017,58.415447,11.042,47.373447,no+rps
409,3157,2023-03-28 19:34:04.403284,2023-03-28 19:34:32.197,11.0,0.048,0.094,0.007,27.793716,11.149,16.644716000000003,no+rps
410,3158,2023-03-28 19:34:04.572818,2023-03-28 19:34:32.070,11.1,0.044,0.111,0.060,27.497182,11.315000000000001,16.182181999999997,no+rps
411,3160,2023-03-28 19:34:05.406864,2023-03-28 19:34:45.465,11.3,0.038,0.040,0.008,40.058136,11.386,28.672136,no+rps
412,3207,2023-03-28 19:34:17.635129,2023-03-28 19:34:46.559,10.2,0.043,0.402,0.007,28.923871,10.651999999999997,18.271871,no+rps
413,3209,2023-03-28 19:34:18.397691,2023-03-28 19:34:46.461,15.6,0.041,0.101,0.045,28.063309,15.787,12.276309,no+rps
414,3210,2023-03-28 19:34:18.447433,2023-03-28 19:34:24.618,15.2,0.076,0.191,0.008,6.170567,15.475,-9.304433,no+rps
415,3211,2023-03-28 19:34:18.639308,2023-03-28 19:34:25.082,18.4,0.044,0.072,0.010,6.442692,18.526,-12.083307999999999,no+rps
416,3212,2023-03-28 19:34:18.640881,2023-03-28 19:34:46.637,13.5,0.053,0.113,0.023,27.996119,13.689,14.307119,no+rps
417,3213,2023-03-28 19:34:19.400890,2023-03-28 19:34:22.804,13.8,0.040,0.726,0.007,3.40311,14.573,-11.16989,no+rps
418,3214,2023-03-28 19:34:19.450306,2023-03-28 19:34:59.381,39.9,0.044,0.638,0.034,39.930694,40.61599999999999,-0.68530599999999,no+rps
419,3216,2023-03-28 19:34:19.645720,2023-03-28 19:34:33.810,27.9,0.044,1.420,0.005,14.16428,29.369,-15.20472,no+rps
420,3218,2023-03-28 19:34:20.453026,2023-03-28 19:34:34.197,28.7,0.038,0.057,0.006,13.743974,28.801,-15.057025999999999,no+rps
421,3219,2023-03-28 19:34:20.650844,2023-03-28 19:34:33.963,27.6,0.035,0.093,0.007,13.312156,27.735000000000003,-14.422844000000003,no+rps
422,3223,2023-03-28 19:34:21.655228,2023-03-28 19:34:34.072,22.5,0.041,2.395,0.007,12.416772,24.943,-12.526228000000001,no+rps
423,3231,2023-03-28 19:34:23.664669,2023-03-28 19:34:34.866,23.0,0.046,0.177,0.007,11.201331,23.23,-12.028669,no+rps
424,3233,2023-03-28 19:34:24.417088,2023-03-28 19:34:40.337,23.1,0.036,0.207,0.006,15.919912,23.349000000000004,-7.429088000000004,no+rps
425,3234,2023-03-28 19:34:24.465331,2023-03-28 19:34:47.974,23.6,0.041,2.577,0.007,23.508669,26.225,-2.7163310000000003,no+rps
426,3235,2023-03-28 19:34:24.669167,2023-03-28 19:34:47.905,0.00,0.039,2.006,0.007,23.235833,2.0519999999999996,21.183833,no+rps
427,3236,2023-03-28 19:34:24.670751,2023-03-28 19:34:47.355,22.4,0.039,2.716,0.007,22.684249,25.162000000000003,-2.4777510000000014,no+rps
428,3237,2023-03-28 19:34:25.419841,2023-03-28 19:34:43.990,22.9,0.041,2.358,0.014,18.570159,25.313,-6.7428409999999985,no+rps
429,3238,2023-03-28 19:34:25.468719,2023-03-28 19:34:40.873,25.6,0.044,2.244,0.007,15.404281,27.895000000000003,-12.490719000000004,no+rps
430,3239,2023-03-28 19:34:25.673617,2023-03-28 19:34:49.478,36.5,0.037,2.041,0.006,23.804383,38.583999999999996,-14.779616999999995,no+rps
431,3240,2023-03-28 19:34:25.675176,2023-03-28 19:34:44.689,28.4,0.038,2.284,0.008,19.013824,30.729999999999997,-11.716175999999997,no+rps
432,3241,2023-03-28 19:34:26.423122,2023-03-28 19:34:59.582,27.1,0.037,3.222,0.007,33.158878,30.366000000000003,2.792877999999998,no+rps
433,3242,2023-03-28 19:34:26.471973,2023-03-28 19:34:44.972,27.9,0.038,2.914,0.007,18.500027,30.859,-12.358973000000002,no+rps
434,3243,2023-03-28 19:34:26.677843,2023-03-28 19:35:02.182,28.0,0.089,0.319,0.015,35.504157,28.423,7.081157000000001,no+rps
435,3244,2023-03-28 19:34:26.679399,2023-03-28 19:35:02.274,30.2,0.057,0.330,0.007,35.594601,30.593999999999998,5.000601,no+rps
436,3245,2023-03-28 19:34:27.426336,2023-03-28 19:34:54.778,30.2,0.078,0.338,0.006,27.351664,30.622,-3.2703360000000004,no+rps
437,3248,2023-03-28 19:34:27.683761,2023-03-28 19:35:00.180,27.3,0.082,0.920,0.017,32.496239,28.319000000000003,4.177239,no+rps
438,3250,2023-03-28 19:34:28.477485,2023-03-28 19:34:54.572,28.6,0.065,0.356,0.006,26.094515,29.027000000000005,-2.9324850000000033,no+rps
439,3251,2023-03-28 19:34:28.687244,2023-03-28 19:35:12.973,5.80,0.052,0.392,0.006,44.285756,6.25,38.035756,no+rps
440,3252,2023-03-28 19:34:28.688562,2023-03-28 19:34:59.997,9.94,0.069,4.825,0.007,31.308438,14.841000000000001,16.467437999999998,no+rps
441,3255,2023-03-28 19:34:29.691520,2023-03-28 19:34:58.502,11.4,0.045,5.296,0.007,28.81048,16.748,12.062479999999997,no+rps
442,3256,2023-03-28 19:34:29.693064,2023-03-28 19:35:12.860,10.7,0.034,4.144,0.007,43.166936,14.885,28.281936,no+rps
443,3271,2023-03-28 19:34:33.710072,2023-03-28 19:35:02.531,35.6,0.040,4.124,0.016,28.820928,39.78,-10.959072000000003,no+rps
444,3275,2023-03-28 19:34:34.714939,2023-03-28 19:35:11.372,36.5,0.079,5.507,0.006,36.657061,42.092,-5.434939,no+rps
445,3276,2023-03-28 19:34:34.716472,2023-03-28 19:35:02.381,30.0,0.039,6.027,0.006,27.664528,36.072,-8.407472000000002,no+rps
446,3277,2023-03-28 19:34:35.451440,2023-03-28 19:35:11.211,25.9,0.065,8.299,0.006,35.75956,34.269999999999996,1.4895600000000044,no+rps
447,3278,2023-03-28 19:34:35.499338,2023-03-28 19:35:21.268,39.9,0.041,8.404,0.007,45.768662,48.35199999999999,-2.5833379999999906,no+rps
448,3302,2023-03-28 19:34:41.413833,2023-03-28 19:35:11.568,40.8,0.055,0.211,0.008,30.154167,41.074,-10.919832999999997,no+rps
449,3305,2023-03-28 19:34:41.748513,2023-03-28 19:35:21.619,25.4,0.036,3.408,0.006,39.870487,28.85,11.020486999999996,no+rps
450,3320,2023-03-28 19:34:45.529218,2023-03-28 19:35:11.642,27.6,0.039,1.172,0.006,26.112782,28.817000000000004,-2.7042180000000045,no+rps
451,3322,2023-03-28 19:34:45.768739,2023-03-28 19:35:13.568,15.2,0.033,2.589,0.006,27.799261,17.828,9.971261000000002,no+rps
452,3323,2023-03-28 19:34:46.532721,2023-03-28 19:35:24.898,16.3,0.048,3.471,0.008,38.365279,19.826999999999998,18.538279000000003,no+rps
453,3324,2023-03-28 19:34:46.771794,2023-03-28 19:35:25.779,16.2,0.036,8.977,0.006,39.007206,25.219,13.788205999999995,no+rps
454,3326,2023-03-28 19:34:47.536261,2023-03-28 19:35:21.548,14.9,0.047,8.848,0.018,34.011739,23.813000000000002,10.198738999999996,no+rps
455,3327,2023-03-28 19:34:47.776375,2023-03-28 19:35:13.359,31.8,0.040,9.005,0.008,25.582625,40.853,-15.270375000000001,no+rps
456,3328,2023-03-28 19:34:47.777914,2023-03-28 19:35:30.395,45.6,0.033,9.568,0.008,42.617086,55.209,-12.591914000000003,no+rps
457,3330,2023-03-28 19:34:48.780823,2023-03-28 19:35:28.602,33.9,0.068,0.217,0.006,39.821177,34.190999999999995,5.630177000000003,no+rps
458,3331,2023-03-28 19:34:48.782382,2023-03-28 19:35:20.796,39.6,0.087,6.483,0.011,32.013618,46.181000000000004,-14.167382000000003,no+rps
459,3336,2023-03-28 19:34:50.791114,2023-03-28 19:35:45.040,19.4,0.051,9.176,0.007,54.248886,28.634,25.614886,no+rps
460,3342,2023-03-28 19:34:52.800212,2023-03-28 19:35:45.220,13.0,0.040,0.237,0.009,52.419788,13.286,39.133787999999996,no+rps
461,3355,2023-03-28 19:34:56.819758,2023-03-28 19:35:25.673,15.9,0.045,3.641,0.005,28.853242,19.591,9.262242,no+rps
462,3359,2023-03-28 19:34:57.824933,2023-03-28 19:35:25.409,15.9,0.042,2.216,0.013,27.584067,18.171,9.413067000000002,no+rps
463,3362,2023-03-28 19:34:58.828519,2023-03-28 19:35:08.908,38.2,0.052,0.642,0.008,10.079481,38.90200000000001,-28.822519000000007,no+rps
464,3363,2023-03-28 19:34:58.830080,2023-03-28 19:35:10.377,27.4,0.042,0.583,0.008,11.54692,28.032999999999998,-16.486079999999998,no+rps
465,3365,2023-03-28 19:34:59.575907,2023-03-28 19:35:10.566,16.3,0.053,0.283,0.006,10.990093,16.642000000000003,-5.651907000000003,no+rps
466,3368,2023-03-28 19:35:00.444601,2023-03-28 19:35:44.304,28.4,0.063,0.499,0.009,43.859399,28.970999999999997,14.888399000000007,no+rps
467,3369,2023-03-28 19:35:00.579525,2023-03-28 19:35:06.482,38.7,0.041,0.719,0.009,5.902475,39.469,-33.566525,no+rps
468,3372,2023-03-28 19:35:01.447767,2023-03-28 19:35:17.913,24.5,0.043,0.873,0.008,16.465233,25.424,-8.958766999999998,no+rps
469,3373,2023-03-28 19:35:01.582914,2023-03-28 19:35:18.057,38.4,0.079,5.246,0.007,16.474086,43.732,-27.257914,no+rps
470,3374,2023-03-28 19:35:01.842747,2023-03-28 19:35:17.223,39.4,0.111,0.849,0.008,15.380253,40.367999999999995,-24.987746999999995,no+rps
471,3375,2023-03-28 19:35:01.844185,2023-03-28 19:35:21.702,18.4,0.053,5.279,0.008,19.857815,23.74,-3.8821849999999998,no+rps
472,3377,2023-03-28 19:35:02.585934,2023-03-28 19:35:27.310,21.5,0.067,0.837,0.009,24.724066,22.413,2.3110660000000003,no+rps
473,3378,2023-03-28 19:35:02.847752,2023-03-28 19:35:45.319,21.7,0.251,0.392,0.006,42.471248,22.349,20.122248000000003,no+rps
474,3379,2023-03-28 19:35:02.849176,2023-03-28 19:35:18.177,22.2,1.231,0.495,0.008,15.327824,23.934,-8.606176000000001,no+rps
475,3380,2023-03-28 19:35:03.454032,2023-03-28 19:35:45.406,22.1,1.741,9.787,0.009,41.951968,33.637,8.314968,no+rps
476,3382,2023-03-28 19:35:03.852757,2023-03-28 19:35:22.488,31.9,3.433,0.344,0.009,18.635243,35.686,-17.050757,no+rps
477,3383,2023-03-28 19:35:03.854272,2023-03-28 19:35:22.592,31.0,0.412,0.440,0.006,18.737728,31.858,-13.120272,no+rps
478,3384,2023-03-28 19:35:04.457666,2023-03-28 19:35:43.905,43.3,0.212,0.073,0.008,39.447334,43.593,-4.145666000000006,no+rps
479,3385,2023-03-28 19:35:04.592495,2023-03-28 19:35:33.844,41.3,0.075,0.131,0.007,29.251505,41.513,-12.261494999999996,no+rps
480,3388,2023-03-28 19:35:05.461205,2023-03-28 19:35:22.011,31.8,0.059,1.069,0.007,16.549795,32.935,-16.385205000000003,no+rps
481,3395,2023-03-28 19:35:07.602534,2023-03-28 19:35:25.573,28.3,0.067,0.220,0.006,17.970466,28.593,-10.622534000000002,no+rps
482,3399,2023-03-28 19:35:08.877791,2023-03-28 19:35:45.489,26.3,0.053,0.131,0.009,36.611209,26.493000000000002,10.118209,no+rps
483,3402,2023-03-28 19:35:09.881903,2023-03-28 19:35:45.573,25.6,0.164,5.801,0.009,35.691097,31.574000000000005,4.117096999999994,no+rps
484,3408,2023-03-28 19:35:11.891486,2023-03-28 19:35:47.742,7.54,0.090,0.116,0.011,35.850514,7.757,28.093514,no+rps
485,3410,2023-03-28 19:35:12.618858,2023-03-28 19:35:45.778,11.0,0.143,1.043,0.008,33.159142,12.193999999999999,20.965142000000004,no+rps
486,3417,2023-03-28 19:35:14.904590,2023-03-28 19:35:56.793,11.3,0.080,0.065,0.009,41.88841,11.454,30.43441,no+rps
487,3418,2023-03-28 19:35:14.908005,2023-03-28 19:35:45.890,17.4,0.344,0.041,0.009,30.981995,17.794,13.187995,no+rps
488,3420,2023-03-28 19:35:15.911010,2023-03-28 19:35:46.107,25.5,0.089,0.183,0.008,30.19599,25.779999999999998,4.415990000000001,no+rps
489,3427,2023-03-28 19:35:17.921302,2023-03-28 19:35:57.458,22.6,0.198,0.060,0.007,39.536698,22.865000000000002,16.671698,no+rps
490,3431,2023-03-28 19:35:19.643347,2023-03-28 19:35:56.945,21.7,0.041,0.042,0.008,37.301653,21.791,15.510653000000001,no+rps
491,3441,2023-03-28 19:35:22.653300,2023-03-28 19:35:57.374,23.2,0.033,0.059,0.008,34.7207,23.3,11.4207,no+rps
492,3445,2023-03-28 19:35:23.656738,2023-03-28 19:36:10.984,32.2,0.055,0.107,0.010,47.327262,32.372,14.955261999999998,no+rps
493,3448,2023-03-28 19:35:24.476426,2023-03-28 19:36:10.129,33.1,0.045,0.098,0.007,45.652574,33.25,12.402574000000001,no+rps
494,3452,2023-03-28 19:35:25.479517,2023-03-28 19:36:11.176,29.6,0.035,0.101,0.010,45.696483,29.746000000000002,15.950482999999998,no+rps
495,3464,2023-03-28 19:35:28.488457,2023-03-28 19:36:11.117,30.4,0.054,0.118,0.009,42.628543,30.580999999999996,12.047543000000005,no+rps
496,3474,2023-03-28 19:35:30.984500,2023-03-28 19:36:16.834,35.2,0.062,0.040,0.011,45.8495,35.313,10.536499999999997,no+rps
497,3522,2023-03-28 19:35:43.045646,2023-03-28 19:36:16.960,33.8,0.036,0.118,0.012,33.914354,33.966,-0.05164599999999808,no+rps
